iteration,delta
1,0.33333333333333337
2,0.11000000000000001
3,0.0726
4,0.07187400000000002
5,0.05138991000000004
6,0.0469624716
7,0.03659159245499999
8,0.03253207813911002
9,0.02714368633205133
10,0.023546093086590836
11,0.02091115841214386
12,0.01847145519388335
13,0.017180929893530733
14,0.016209989407701186
15,0.015224503886402119
16,0.014617385748115275
17,0.014287398416160724
18,0.014111305728525786
19,0.013904261156616471
20,0.013637953842208311
21,0.013326381085001032
22,0.012982855712806718
23,0.012616672855588318
24,0.012235982864894634
25,0.011846765319929231
26,0.011454008226288698
27,0.011061446209745168
28,0.0106720802975383
29,0.010288156039263363
30,0.009911412580849988
31,0.009543122982243801
32,0.00918422408447872
33,0.008835362761207999
34,0.008496968723811005
35,0.008169291894380593
36,0.007852445452873835
37,0.007546432720314411
38,0.00725117348567883
39,0.0069665223169607104
40,0.006692284955170491
41,0.0064282304020540915
42,0.006174101193030301
43,0.005929621200963298
44,0.005694502054562345
45,0.005468448074583687
46,0.005251160237567776
47,0.0050423392243311715
48,0.0048416878137538255
49,0.004648912702974073
50,0.004463725897560611
51,0.004285845740373828
52,0.00411529427912416
53,0.003979345797895717
54,0.0038882148399487226
55,0.003795633894552952
56,0.0037286496037474137
57,0.0036763846259063593
58,0.003639221299990114
59,0.0035954526544118015
60,0.0035459826576987874
61,0.0034916322112380493
62,0.003433144266567212
63,0.003371188727679275
64,0.003306368297601392
65,0.003239223824314852
66,0.003170239636136163
67,0.003099848419635287
68,0.003028435841458621
69,0.002956344782736653
70,0.0028838792736304297
71,0.002811308098366161
72,0.0027388681151924166
73,0.0026667672943363474
74,0.0025951875018347392
75,0.0025242870421735564
76,0.0024542029805567633
77,0.002385053259818637
78,0.0023169386290523564
79,0.0022499443983818312
80,0.002184142034379777
81,0.0021195906091057704
82,0.00205633811517969
83,0.001994422658212369
84,0.0019338735371932092
85,0.00187471222255442
86,0.0018169532409130218
87,0.0017606049747473929
88,0.0017056703846108912
89,0.0016521476608474805
90,0.0016000308111952521
91,0.0015493101901230544
92,0.0014999729752439572
93,0.001452003595686313
94,0.00140538411688107
95,0.0013600945858279756
96,0.0013161133405465986
97,0.0012734172870863536
98,0.0012319821471678538
99,0.0011917826792525177
100,0.0011527928755807326
101,0.0011149861374918357
102,0.001078335431123456
103,0.0010428134253996912
104,0.0010083926140379562
105,0.0009750454231460814
106,0.0009427443058365736
107,0.0009114618251472861
108,0.0008811707264446689
109,0.0008518440003676409
110,0.0008234549372763134
111,0.000795977174075313
112,0.0007693847342008509
113,0.0007436520614845787
114,0.0007187540485397714
115,0.0006946660602527577
116,0.0006713639529080662
117,0.0006488240894220176
118,0.000627023351116085
119,0.0006059391464187103
120,0.0005855494168441888
121,0.0005658326405651448
122,0.000546767833864259
123,0.0005283345507200998
124,0.000510512880757874
125,0.0004932834457730406
126,0.0004766273950143618
127,0.00046052639939325735
128,0.00044496264476900915
129,0.00042991882444692875
130,0.00041537813100656074
131,0.00040132424757149954
132,0.00038774133861263493
133,0.0003746140403760867
134,0.0003619274510077153
135,0.0003496671204452628
136,0.00033781904013580055
137,0.00032636963263649177
138,0.00031530574114024823
139,0.00030461461897302033
140,0.0002942839190959168
141,0.00028430168364734776
142,0.00027465633354983865
143,0.0002653366582095473
144,0.00025633180532574906
145,0.0002476312708330486
146,0.0002392248889870885
147,0.00023110282261074033
148,0.0002232555535091052
149,0.00021567387306398178
150,0.0002083488730161287
151,0.00020127193643737495
152,0.00019443472890257052
153,0.0001878291898603779
154,0.00018144752420801158
155,0.00017528219406970358
156,0.000169325910780449
157,0.00016357162707481
158,0.00015801252947966749
159,0.00015264203091069906
160,0.0001474537634688633
161,0.0001424415714365579
162,0.00013759950447034264
163,0.00013292181098745193
164,0.00012840293174232187
165,0.0001240374935906341
166,0.00011982030343798966
167,0.0001157463423666627
168,0.00011181075994143308
169,0.00010800886868550519
170,0.000104336138726846
171,0.00010078819260800342
172,9.736080025740668e-05
173,9.404987411676391e-05
174,9.085146442178171e-05
175,8.776175463087732e-05
176,8.477705699894145e-05
177,8.189380829215498e-05
178,7.910856563919655e-05
179,7.641800251623199e-05
180,7.381890485980147e-05
181,7.130816730771539e-05
182,6.888278955874405e-05
183,6.653987285326624e-05
184,6.427661656766004e-05
185,6.209031491971606e-05
186,5.9978353782352833e-05
187,5.793820760241486e-05
188,5.5967436420334415e-05
189,5.406368298821462e-05
190,5.2224669983558236e-05
191,5.0448197314922893e-05
192,4.873213951728239e-05
193,4.7074443232708596e-05
194,4.547312477742871e-05
195,4.392626778659814e-05
196,4.243202094106335e-05
197,4.098859576689984e-05
198,3.959426451094483e-05
199,3.824735808632962e-05
200,3.6946264086679115e-05
201,3.5689424867868524e-05
202,3.447533569278516e-05
203,3.330254293998358e-05
204,3.2169642370849516e-05
205,3.1075277457048855e-05
206,3.0018137762377606e-05
207,2.8996957380289512e-05
208,2.8010513423881722e-05
209,2.705762456645111e-05
210,2.6137149631566547e-05
211,2.524798623099178e-05
212,2.438906944834951e-05
213,2.355937056663926e-05
214,2.27578958402197e-05
215,2.1983685306981027e-05
216,2.123581164137356e-05
217,2.051337904618311e-05
218,1.9815522181831913e-05
219,1.914140513131768e-05
220,1.8490220401623514e-05
221,1.7861187956935698e-05
222,1.725355428705555e-05
223,1.6666591505010153e-05
224,1.6099596477303635e-05
225,1.5551889981813005e-05
226,1.502281589549348e-05
227,1.4511740410005913e-05
228,1.4018051272102205e-05
229,1.354115705154424e-05
230,1.3080486433447724e-05
231,1.2635487533829703e-05
232,1.2205627239580963e-05
233,1.1790390570309839e-05
234,1.1389280061613327e-05
235,1.1001815169164875e-05
236,1.0627531694562542e-05
237,1.0265981227941534e-05
238,9.916730612791191e-06
239,9.579361425648969e-06
240,9.253469476444565e-06
241,8.93866432349899e-06
242,8.634568806842324e-06
243,8.34081859546476e-06
244,8.057061751831629e-06
245,7.782958310442734e-06
246,7.518179870102948e-06
247,7.262409200903264e-06
248,7.015339864302472e-06
249,6.77667584597641e-06
250,6.546131201434768e-06
251,6.323429713295248e-06
252,6.108304560548117e-06
253,5.900497999034027e-06
254,5.6997610524689435e-06
255,5.50585321457131e-06
256,5.318542160570594e-06
257,5.137603468985397e-06
258,4.962820353004993e-06
259,4.793983400919188e-06
260,4.630890324319736e-06
261,4.47334571707092e-06
262,4.3211608203863605e-06
263,4.174153296621075e-06
264,4.032147011834297e-06
265,3.894971823126259e-06
266,3.7624633766331073e-06
267,3.6344629089635205e-06
268,3.5108170585163023e-06
269,3.391377680239671e-06
270,3.2760016696053995e-06
271,3.164550789969134e-06
272,3.056891507702275e-06
273,2.952894831875774e-06
274,2.852436159828109e-06
275,2.7553951278402877e-06
276,2.661655467139923e-06
277,2.5711048640131295e-06
278,2.4836348260226515e-06
279,2.399140551445633e-06
280,2.3175208040404627e-06
281,2.2386777914773504e-06
282,2.1625170484318446e-06
283,2.088947323397594e-06
284,2.0178804689963137e-06
285,1.9492313366731295e-06
286,1.8829176748891285e-06
287,1.8188600302559976e-06
288,1.7569816519458215e-06
289,1.69720840093035e-06
290,1.6394686598308894e-06
291,1.5836932479862398e-06
292,1.5298153381859692e-06
293,1.4777703767343553e-06
294,1.4274960061788633e-06
295,1.378931990259069e-06
296,1.3320201418531852e-06
297,1.2867042539221885e-06
298,1.2429300312311042e-06
299,1.200645025623004e-06
300,1.1597985734579375e-06
301,1.1203417345506672e-06
302,1.0822272336064032e-06
303,1.0454094038214734e-06
304,1.0098441319827955e-06
305,9.754888055102384e-07
306,9.42302261774941e-07
307,9.102447381392764e-07
308,8.792778248833955e-07
309,8.493644189089267e-07
310,8.204686797186334e-07
311,7.925559857846487e-07
312,7.655928933036904e-07
313,7.39547096673121e-07
314,7.14387389244564e-07
315,6.900836254097875e-07
316,6.66606686017257e-07
317,6.439284420678426e-07
318,6.220217215746615e-07
319,6.008602770335436e-07
320,5.804187537816752e-07
321,5.606726598550438e-07
322,5.415983363454835e-07
323,5.23172929534077e-07
324,5.053743629135354e-07
325,4.881813109314237e-07
326,4.7157317401014254e-07
327,4.555300530673101e-07
328,4.40032725701478e-07
329,4.250626242097155e-07
330,4.1060181199537027e-07
331,3.9663296269587534e-07
332,3.831393394770899e-07
333,3.7010477527132934e-07
334,3.575136523492617e-07
335,3.4535088494491717e-07
336,3.3360189993780764e-07
337,3.222526205881593e-07
338,3.112894484402773e-07
339,3.006992481124904e-07
340,2.9046933097687244e-07
341,2.80587439949187e-07
342,2.7104173516701024e-07
343,2.6182077927927594e-07
344,2.5291352412359913e-07
345,2.443092977921779e-07
346,2.3599779086502792e-07
347,2.2796904497468518e-07
348,2.202134403717082e-07
349,2.127216848224478e-07
350,2.0548480195170526e-07
351,1.9849412102868058e-07
352,1.9174126597576446e-07
353,1.8521814593164265e-07
354,1.789169452592887e-07
355,1.7283011422009054e-07
356,1.669503596479771e-07
357,1.6127063684479026e-07
358,1.5578414069850055e-07
359,1.5048429746755687e-07
360,1.4536475717585873e-07
361,1.4041938595221737e-07
362,1.3564225820328346e-07
363,1.310276504518093e-07
364,1.2657003373162112e-07
365,1.222640669262809e-07
366,1.1810459094041548e-07
367,1.140866221494008e-07
368,1.1020534640415747e-07
369,1.0645611325799109e-07
370,1.0283443063752173e-07
371,9.933595934707995e-08
372,9.595650740656936e-08
373,9.26920258881303e-08
374,8.953860347604703e-08
375,8.649246185932213e-08
376,8.354995117976216e-08
377,8.070754603517472e-08
378,7.796184070540946e-08
379,7.530954548862212e-08
380,7.274748259344932e-08
381,7.027258192016106e-08
382,6.788187861817008e-08
383,6.557250797900593e-08
384,6.334170321586896e-08
385,6.118679130029392e-08
386,5.910519040863704e-08
387,5.7094406535895814e-08
388,5.515203027606219e-08
389,5.3275734712698863e-08
390,5.146327136662521e-08
391,4.971246875262736e-08
392,4.8021229326344894e-08
393,4.638752648666866e-08
394,4.48094029659174e-08
395,4.3284967832235566e-08
396,4.181239476874765e-08
397,4.038991918697832e-08
398,3.901583678356246e-08
399,3.768850120877687e-08
400,3.640632229018337e-08
401,3.516776359013818e-08
402,3.397134129556889e-08
403,3.28156215534392e-08
404,3.1699220137682005e-08
405,3.0620799007508026e-08
406,2.957906630740581e-08
407,2.857277381362877e-08
408,2.760071593499447e-08
409,2.666172760346086e-08
410,2.5754684274126305e-08
411,2.487849887211624e-08
412,2.403212168156088e-08
413,2.3214538569238385e-08
414,2.2424769985374127e-08
415,2.166186985341767e-08
416,2.092492362715248e-08
417,2.0213048734785133e-08
418,1.9525392191965807e-08
419,1.8861129991165626e-08
420,1.8219466269009388e-08
421,1.759963225156369e-08
422,1.700088519962506e-08
423,1.6422507798097286e-08
424,1.5863807045768397e-08
425,1.5324113533665695e-08
426,1.480278066789964e-08
427,1.4299183614951971e-08
428,1.3812719301675713e-08
429,1.3342804749960635e-08
430,1.2888876743666344e-08
431,1.2450391606577682e-08
432,1.2026823981159396e-08
433,1.1617666273444627e-08
434,1.12224282089457e-08
435,1.0840636444076068e-08
436,1.047183334490498e-08
437,1.0115577153690936e-08
438,9.771440878658666e-09
